{
  "image_path": "src/data/uploads\\89da45f9-b36a-4779-8623-4efa00254c62_Sad.jpg",
  "analysis_time": "2025-06-23T08:52:11.235388",
  "processing_time_seconds": 3.088188,
  "model_used": "emotion",
  "detector_used": "opencv",
  "success": true,
  "results": {
    "emotion": {
      "angry": 16.339782854305675,
      "disgust": 0.20378121458180037,
      "fear": 2.4571120340890906,
      "happy": 0.011569206215608118,
      "sad": 47.43928596015489,
      "surprise": 0.010246875055180866,
      "neutral": 33.538224311961194
    },
    "dominant_emotion": "sad",
    "region": {
      "x": 765,
      "y": 1277,
      "w": 2285,
      "h": 2285,
      "left_eye": [
        2305,
        2163
      ],
      "right_eye": [
        1485,
        2180
      ]
    },
    "face_confidence": 0.91
  }
}