{
  "image_path": "src/data/uploads\\2142f8e8-fffd-468d-b4f9-d6608cdb3013_Happy.jpg",
  "analysis_time": "2025-06-23T08:39:06.007032",
  "model_used": "emotion",
  "detector_used": "opencv",
  "success": true,
  "results": {
    "emotion": {
      "angry": 0.9926664642989635,
      "disgust": 0.014305791410151869,
      "fear": 19.007481634616852,
      "happy": 43.46097409725189,
      "sad": 8.300059288740158,
      "surprise": 0.8902439847588539,
      "neutral": 27.334263920783997
    },
    "dominant_emotion": "happy",
    "region": {
      "x": 887,
      "y": 1153,
      "w": 2030,
      "h": 2030,
      "left_eye": [
        2260,
        1958
      ],
      "right_eye": [
        1502,
        1940
      ]
    },
    "face_confidence": 0.91
  }
}