{
  "image_path": "src/data/uploads\\af5f2101-a0a0-403f-a72d-420d2aee70c5_Sad.jpg",
  "analysis_time": "2025-06-23T08:52:02.368254",
  "processing_time_seconds": 3.273281,
  "model_used": "emotion",
  "detector_used": "opencv",
  "success": true,
  "results": {
    "emotion": {
      "angry": 16.339782854305675,
      "disgust": 0.20378121458180037,
      "fear": 2.4571120340890906,
      "happy": 0.011569206215608118,
      "sad": 47.43928596015489,
      "surprise": 0.010246875055180866,
      "neutral": 33.538224311961194
    },
    "dominant_emotion": "sad",
    "region": {
      "x": 765,
      "y": 1277,
      "w": 2285,
      "h": 2285,
      "left_eye": [
        2305,
        2163
      ],
      "right_eye": [
        1485,
        2180
      ]
    },
    "face_confidence": 0.91
  }
}